<?xml version="1.0" encoding="UTF-8"?>
<beans xmlns="http://www.springframework.org/schema/beans"
	xmlns:mvc="http://www.springframework.org/schema/mvc"
	xmlns:context="http://www.springframework.org/schema/context"
	xmlns:xsi="http://www.w3.org/2001/XMLSchema-instance"
	xmlns:tx="http://www.springframework.org/schema/tx"
	xmlns:jpa="http://www.springframework.org/schema/data/jpa"
	xsi:schemaLocation="
        http://www.springframework.org/schema/beans     
        http://www.springframework.org/schema/beans/spring-beans.xsd
        http://www.springframework.org/schema/mvc 
        http://www.springframework.org/schema/mvc/spring-mvc.xsd
        http://www.springframework.org/schema/context 
        http://www.springframework.org/schema/context/spring-context.xsd
        http://www.springframework.org/schema/tx
        http://www.springframework.org/schema/tx/spring-tx.xsd
        http://www.springframework.org/schema/data/jpa
        http://www.springframework.org/schema/data/jpa/spring-jpa.xsd">

	<mvc:default-servlet-handler />
	<!-- <mvc:annotation-driven/> -->
	<mvc:annotation-driven>
		<mvc:message-converters>
			<bean
				class="org.springframework.http.converter.json.MappingJackson2HttpMessageConverter">
				<property name="objectMapper" ref="jacksonObjectMapper" />
			</bean>
		</mvc:message-converters>

	</mvc:annotation-driven>

	<bean id="jacksonObjectMapper"
		class="org.springframework.http.converter.json.Jackson2ObjectMapperFactoryBean">
		<property name="serializationInclusion" value="NON_NULL" />

	</bean> 


	<context:component-scan
		base-package="com.assignment.*" />

	<bean
		class="org.springframework.web.servlet.view.InternalResourceViewResolver">
		<property name="prefix" value="/WEB-INF/" />
		<property name="suffix" value=".jsp" />
	</bean>

	<bean id="dataSource"
		class="com.mchange.v2.c3p0.ComboPooledDataSource"
		destroy-method="close">
		<property name="driverClass" value="com.mysql.cj.jdbc.Driver" />
		<property name="password" value="pass@word1" />
		<property name="jdbcUrl"
			value="jdbc:mysql://localhost:3306/assignment" />
		<property name="user" value="root" />
		<!-- <property name="hibernate.show_sql"> true </property> -->

		<!-- <property name="hibernate.current_session_context_class"> org.hibernate.context.internal.ThreadLocalSessionContext 
			</property> -->
	</bean>

	<bean id="entityManagerFactory" class="org.springframework.orm.jpa.LocalContainerEntityManagerFactoryBean">
        <property name="dataSource" ref="dataSource" />
		<property name="packagesToScan" value="com.assignment"></property>
		<property name="mappingResources">
			<list>
				<value>Book.hbm.xml</value>
				<value>Subject.hbm.xml</value>				
			</list>
		</property>
        <property name="jpaVendorAdapter">
            <bean class="org.springframework.orm.jpa.vendor.HibernateJpaVendorAdapter" />
        </property>
        <property name="jpaProperties">
            <props>
				<prop key="hibernate.dialect">org.hibernate.dialect.MySQLDialect</prop>
				<prop key="hibernate.show_sql">true</prop>
			</props>
        </property>
    </bean>
    
	<!-- <bean id="sessionFactory"
		class="org.springframework.orm.hibernate5.LocalSessionFactoryBean">
		<property name="dataSource" ref="dataSource" />
		<property name="packagesToScan" value="com.assignment"></property>
		<property name="mappingResources">
			<list>
				<value>Book.hbm.xml</value>
				<value>Subject.hbm.xml</value>				
			</list>
		</property>
		<property name="hibernateProperties">
			<props>
				<prop key="hibernate.dialect">org.hibernate.dialect.MySQLDialect</prop>
				<prop key="hibernate.show_sql">true</prop>
			</props>

		</property>
	</bean> -->

	<!-- <bean id="transactionManager"
		class="org.springframework.orm.hibernate5.HibernateTransactionManager">
		<property name="sessionFactory" ref="sessionFactory" />
	</bean> -->
	<bean id="transactionManager" class="org.springframework.orm.jpa.JpaTransactionManager">
        <property name="entityManagerFactory" ref="entityManagerFactory" />
    </bean>

	<tx:annotation-driven
		transaction-manager="transactionManager" />

    <bean id="persistenceExceptionTranslationPostProcessor" class="org.springframework.dao.annotation.PersistenceExceptionTranslationPostProcessor" />
		
	<jpa:repositories base-package="com.assignment.library.dao"/>
</beans>