<?xml version="1.0" encoding="UTF-8" standalone="no"?>
<!-- Generated Dec 23, 2018 8:35:19 PM by Hibernate Tools 5.2.10.Final --><!DOCTYPE hibernate-mapping PUBLIC "-//Hibernate/Hibernate Mapping DTD 3.0//EN" "http://www.hibernate.org/dtd/hibernate-mapping-3.0.dtd">
<hibernate-mapping auto-import="true" default-access="property" default-cascade="none" default-lazy="true">
    <class catalog="assignment" dynamic-insert="false" dynamic-update="false" mutable="true" 
    	name="com.assignment.library.entities.Subject" optimistic-lock="version" polymorphism="implicit" select-before-update="false" table="subject">
        <id name="subjectId" type="java.lang.Integer">
            <column name="subject_id"/>
            <generator class="identity"/>
        </id>
        <property generated="never" lazy="false" name="subtitle" optimistic-lock="true" type="string" unique="false">
            <column length="100" name="subtitle" not-null="true"/>
        </property>
        <property generated="never" lazy="false" name="durationInHours" optimistic-lock="true" type="int" unique="false">
            <column name="duration" not-null="true"/>
        </property>
        <!-- <set embed-xml="true" fetch="select" inverse="true" lazy="true" mutable="true" name="books" optimistic-lock="true" sort="unsorted" table="book">
            <key on-delete="noaction">
                <column name="subject_id" not-null="true"/>
            </key>
            <one-to-many class="com.assignment.library.entities.Book" embed-xml="true" not-found="exception"/>
        </set> -->
    </class>
</hibernate-mapping>
